GENESIS-Tabelle: Temporär;;;;;;;;;;;;;;;
Arbeitslose nach ausgewählten Personengruppen sowie;;;;;;;;;;;;;;;
Arbeitslosenquoten - Jahresdurchschnitt -;;;;;;;;;;;;;;;
regionale Tiefe: Kreise und krfr. Städte;;;;;;;;;;;;;;;
Arbeitsmarktstatistik der Bundesanstalt für Arbeit;;;;;;;;;;;;;;;
;;;Arbeitslose;Arbeitslose;Arbeitslose;Arbeitslose;Arbeitslose;Arbeitslose;Arbeitslose;Arbeitslosenquote bez. abh. zivile Erwerbspers.;Arbeitslosenquote bez. auf alle zivile Erwerbsp.;Arbeitslosenquote bez. auf alle zivile Erwerbsp.;Arbeitslosenquote bez. auf alle zivile Erwerbsp.;Arbeitslosenquote bez. auf alle zivile Erwerbsp.;Arbeitslosenquote bez. auf alle zivile Erwerbsp.
;;;;Ausländer;schwerbehindert;15 bis unter 20 Jahre;15 bis unter 25 Jahre;55 bis unter 65 Jahre;langzeitarbeitslos;;;Männer;Frauen;Ausländer;15 bis unter 25 Jahre
;;;Anzahl;Anzahl;Anzahl;Anzahl;Anzahl;Anzahl;Anzahl;Prozent;Prozent;Prozent;Prozent;Prozent;Prozent
2013;DG;Deutschland;2950250;504440;178631;46518;276262;570727;1050435;7,7;6,9;7;6,7;14,4;6
2013;1;  Schleswig-Holstein;101749;11259;5307;2151;11166;18051;34645;7,8;6,9;7,2;6,6;17,5;6,8
2013;1001;      Flensburg, Kreisfreie Stadt;5205;492;306;123;642;746;1760;12,3;11,1;12,2;9,8;18,6;10
2013;1002;      Kiel, Landeshauptstadt, Kreisfreie Stadt;13070;2108;500;231;1251;1830;4446;11,4;10,2;11,3;9;23,5;8,1
2013;1003;      Lübeck, Hansestadt, Kreisfreie Stadt;11109;1693;512;244;1212;1578;3879;11,6;10,4;11,1;9,6;24,3;10,1
2013;1004;      Neumünster, Kreisfreie Stadt;4458;630;204;104;557;671;1645;12,5;11,1;11,6;10,5;27,8;11,5
2013;1051;      Dithmarschen, Landkreis;5003;291;213;154;645;797;1367;8,6;7,6;7,8;7,4;16,4;8,2
2013;1053;      Herzogtum Lauenburg, Landkreis;6191;774;360;136;747;1128;2313;7;6,2;6,3;6,2;17,4;7,1
2013;1054;      Nordfriesland, Landkreis;5868;357;231;104;577;1274;2221;7,3;6,6;6,8;6,5;12,1;5,1
2013;1055;      Ostholstein, Landkreis;6489;442;377;129;697;1311;2063;7,3;6,5;6,9;6,1;13;6,4
2013;1056;      Pinneberg, Landkreis;8815;1610;475;172;878;1617;2674;6,1;5,4;5,6;5,2;14,5;5,2
2013;1057;      Plön, Landkreis;3582;209;188;73;372;795;1185;6,4;5,6;5,8;5,5;16;5,9
2013;1058;      Rendsburg-Eckernförde, Landkreis;7687;508;470;167;926;1525;2492;6,4;5,7;6;5,4;17,4;6,6
2013;1059;      Schleswig-Flensburg, Landkreis;7878;427;583;190;948;1416;3586;8,6;7,7;8;7,4;20,8;7,9
2013;1060;      Segeberg, Landkreis;7171;752;420;109;695;1490;2216;5,7;5,1;5,1;5;12,4;4,7
2013;1061;      Steinburg, Landkreis;4156;295;159;120;527;812;1218;6,9;6,1;6,1;6;14,6;6,8
2013;1062;      Stormarn, Landkreis;5067;672;309;95;493;1061;1581;4,7;4,2;4,2;4,1;12,7;4,2
2013;2;  Hamburg;71557;18167;3412;947;5468;10542;22281;8,6;7,4;7,9;6,9;14,8;5,8
2013;3;  Niedersachsen;269201;38703;13317;4677;27429;49210;94756;7,3;6,6;6,6;6,6;16,7;6
2013;31;    Braunschweig, Stat. Region;56059;7069;2524;825;4985;10318;19213;.;.;.;.;.;.
2013;3101;      Braunschweig, Kreisfreie Stadt;9301;1516;471;102;632;1581;3493;7,8;7,1;7,2;6,9;15,5;4,6
2013;3102;      Salzgitter, Kreisfreie Stadt;4680;848;228;88;451;802;1660;10,4;9,3;8,5;10,3;18;8,3
2013;3103;      Wolfsburg, Kreisfreie Stadt;3153;638;123;46;306;536;952;5,4;4,9;4,5;5,4;9,4;4,2
2013;3151;      Gifhorn, Landkreis;4698;559;191;85;521;882;1644;5,7;5,2;4,9;5,4;16,1;5,2
2013;3152;      Göttingen, Landkreis;8725;1102;384;105;679;1511;2231;7,5;6,8;7,3;6,3;15,2;4,8
2013;3153;      Goslar, Landkreis;5995;558;244;79;495;1190;2265;9,9;8,8;8,9;8,8;18,4;7,3
2013;3154;      Helmstedt, Landkreis;3532;313;158;53;344;629;1537;8,3;7,5;7,3;7,7;19,5;7
2013;3155;      Northeim, Landkreis;5078;471;252;79;503;1002;1843;8,1;7,3;7,5;7;21,1;7,4
2013;3156;      Osterode am Harz, Landkreis;2954;257;101;64;275;545;1092;8,7;7,8;7,8;7,8;17,8;7,3
2013;3157;      Peine, Landkreis;4153;395;193;64;431;855;1104;6,7;6;6,2;5,8;14,6;6,4
2013;3158;      Wolfenbüttel, Landkreis;3791;412;178;60;349;784;1392;6,9;6,2;6,2;6,2;19,1;6
2013;32;    Hannover, Stat. Region;83034;16355;3867;1504;8406;14783;32335;.;.;.;.;.;.
2013;3241;      Region Hannover, Landkreis;48239;11971;2311;843;4589;8229;19909;9,1;8,2;8,5;7,8;20,5;7,7
2013;3241001;      Hannover, Landeshauptstadt;.;.;.;.;.;.;.;.;.;.;.;.;.
2013;3251;      Diepholz, Landkreis;5240;598;207;100;623;972;1508;5,1;4,6;4,5;4,7;11,5;5
2013;3252;      Hameln-Pyrmont, Landkreis;6206;953;332;126;709;1142;2331;9,1;8,2;8,6;7,6;19,9;9
2013;3254;      Hildesheim, Landkreis;10920;1383;454;184;1118;1942;4434;8,5;7,6;8,2;7;21,5;7,3
2013;3255;      Holzminden, Landkreis;2970;266;117;51;307;560;1099;9,3;8,3;8,3;8,4;17,9;8,1
2013;3256;      Nienburg (Weser), Landkreis;3951;444;201;85;447;800;1263;6,9;6,2;5,9;6,5;12,9;6,3
2013;3257;      Schaumburg, Landkreis;5509;741;246;115;612;1138;1792;7,7;6,9;7,1;6,7;18,1;7,8
2013;33;    Lüneburg, Stat. Region;52476;5588;2362;1006;5610;9885;18356;.;.;.;.;.;.
2013;3351;      Celle, Landkreis;6621;782;246;140;743;1221;2587;8,3;7,5;7,9;7,1;20,3;7,5
2013;3352;      Cuxhaven, Landkreis;6133;678;314;130;662;1266;2178;6,9;6,2;6,4;5,9;15,9;6,3
2013;3353;      Harburg, Landkreis;6233;798;252;111;627;1364;2148;5,4;4,8;4,8;4,9;14,4;4,8
2013;3354;      Lüchow-Dannenberg, Landkreis;2353;141;114;38;229;432;900;12;10,7;10,8;10,7;25,2;10,5
2013;3355;      Lüneburg, Landkreis;5990;569;241;100;549;1030;1874;7,2;6,6;7;6,1;17,5;5,9
2013;3356;      Osterholz, Landkreis;2621;348;121;69;319;486;667;5;4,5;4,5;4,6;19,4;5,4
2013;3357;      Rotenburg (Wümme), Landkreis;3888;339;206;67;438;718;1193;5;4,5;4,4;4,6;11,9;4,2
2013;3358;      Heidekreis, Landkreis;4927;494;231;105;616;789;1649;7,5;6,8;6,5;7,1;14,9;7,2
2013;3359;      Stade, Landkreis;6509;640;298;156;760;1205;2542;6,8;6,1;5,7;6,6;10,7;6,3
2013;3360;      Uelzen, Landkreis;3197;212;164;55;355;545;914;7,8;7,1;7,6;6,5;17,1;7,8
2013;3361;      Verden, Landkreis;4006;586;176;35;311;830;1704;6,2;5,6;5,3;6;17,6;4,1
2013;34;    Weser-Ems, Stat. Region;77632;9692;4564;1330;8429;14224;24852;.;.;.;.;.;.
2013;3401;      Delmenhorst, Kreisfreie Stadt;4207;902;183;75;425;694;1806;11,9;10,7;10,4;11;29,8;9,6
2013;3402;      Emden, Kreisfreie Stadt;2335;204;140;47;276;364;803;10;9;8,6;9,5;18,2;8,1
2013;3403;      Oldenburg (Oldenburg), Kreisfreie Stadt;7144;1047;434;146;807;1138;2798;9,1;8,2;8,8;7,7;22,1;8,2
2013;3404;      Osnabrück, Kreisfreie Stadt;6606;1528;376;100;633;1059;2313;8,6;7,8;8,1;7,5;19,9;6,3
2013;3405;      Wilhelmshaven, Kreisfreie Stadt;4633;439;300;77;484;752;1845;13,7;12,3;12,9;11,7;27,7;10,6
2013;3451;      Ammerland, Landkreis;2813;229;171;20;242;556;693;5;4,5;4,4;4,6;9,7;3,4
2013;3452;      Aurich, Landkreis;7713;526;416;121;832;1532;3070;8,8;8;7,5;8,6;19;6,9
2013;3453;      Cloppenburg, Landkreis;4871;590;341;102;602;898;1406;6,3;5,7;5,2;6,2;9,2;4,9
2013;3454;      Emsland, Landkreis;6207;563;340;102;790;1265;1318;4,1;3,7;3,5;4;9,6;3,5
2013;3455;      Friesland, Landkreis;3004;197;196;117;286;599;943;6,8;6,2;6,1;6,2;17,6;5,2
2013;3456;      Grafschaft Bentheim, Landkreis;3192;574;147;41;324;560;948;5;4,5;4,4;4,7;13,9;3,4
2013;3457;      Leer, Landkreis;5385;392;336;45;658;907;1597;7,2;6,5;5,9;7,2;15,5;6,1
2013;3458;      Oldenburg, Landkreis;3247;353;193;77;329;599;759;5,3;4,8;4,6;5;8,6;4,4
2013;3459;      Osnabrück, Landkreis;7776;977;520;84;722;1734;1821;4,5;4;3,8;4,3;10,6;3,1
2013;3460;      Vechta, Landkreis;3076;689;157;71;393;577;792;4,3;3,9;3,6;4,1;8,7;3,5
2013;3461;      Wesermarsch, Landkreis;3490;388;200;71;418;599;1486;8,5;7,6;6,8;8,7;21,1;7,6
2013;3462;      Wittmund, Landkreis;1934;95;117;34;209;393;455;7,7;7;6,9;7,1;9,5;5,9
2013;4;  Bremen;37197;8728;1555;552;3436;5561;16574;12,3;11,1;11,4;10,7;23,1;9,6
2013;4011;      Bremen, Kreisfreie Stadt;28878;7283;1193;408;2603;4300;12932;11,5;10,4;10,7;10;22,7;8,9
2013;4012;      Bremerhaven, Kreisfreie Stadt;8319;1445;362;144;834;1261;3642;16,3;14,6;14,7;14,5;25,4;12,9
2013;5;  Nordrhein-Westfalen;762756;167335;47247;12025;74088;130241;322459;9,2;8,3;8,4;8,2;19,5;7,4
2013;51;    Düsseldorf, Regierungsbezirk;248201;59218;14796;3822;22806;41510;108258;.;.;.;.;.;.
2013;5111;      Düsseldorf, Kreisfreie Stadt;27715;8596;1689;247;1596;4812;12143;9,8;8,8;9,4;8,2;16,2;6
2013;5112;      Duisburg, Kreisfreie Stadt;31555;8884;2101;476;2986;4644;14065;14,3;12,9;12,5;13,4;24,2;11,3
2013;5113;      Essen, Kreisfreie Stadt;35896;8594;1685;580;3445;5319;17126;13,6;12,4;12,9;11,8;29,8;12
2013;5114;      Krefeld, Kreisfreie Stadt;12800;2586;776;142;1029;2229;5672;12,5;11,2;11,2;11,2;19,7;8,8
2013;5116;      Mönchengladbach, Kreisfreie Stadt;15053;3077;923;350;1650;2283;5494;12,7;11,4;11,4;11,5;22,6;11,3
2013;5117;      Mülheim an der Ruhr, Kreisfreie Stadt;6336;1809;311;30;275;1377;2832;8,3;7,6;7,5;7,6;20,3;3,6
2013;5119;      Oberhausen, Kreisfreie Stadt;13194;3159;868;232;1377;2226;6721;13,6;12,3;12,1;12,4;27,4;12
2013;5120;      Remscheid, Kreisfreie Stadt;5420;1431;300;90;563;893;2413;10,3;9,3;9,2;9,4;15,9;8,8
2013;5122;      Solingen, Kreisfreie Stadt;7398;2019;420;144;791;1248;3491;9,9;9;9,2;8,7;17,5;9,1
2013;5124;      Wuppertal, Kreisfreie Stadt;21122;5845;1025;425;2188;2841;9702;13,1;11,9;12,3;11,5;23,2;11,6
2013;5154;      Kleve, Kreis;10171;1571;612;180;1169;1954;3890;7,2;6,5;6,4;6,7;15,2;5,9
2013;5158;      Mettmann, Kreis;18023;4107;958;220;1486;3521;7886;7,9;7,1;7,4;6,8;16,2;6,1
2013;5162;      Rhein-Kreis Neuss;14622;3121;951;215;1239;2859;5632;7,1;6,4;6,4;6,3;13,8;5,4
2013;5166;      Viersen, Kreis;11316;1684;830;215;1198;2191;4527;8;7,3;7,3;7,2;15;7,1
2013;5170;      Wesel, Kreis;17582;2736;1347;276;1814;3115;6666;8,2;7,4;7,4;7,5;18;7,1
2013;53;    Köln, Regierungsbezirk;176190;41168;10306;2813;16706;30061;72863;.;.;.;.;.;.
2013;5314;      Bonn, Kreisfreie Stadt;11368;2803;703;153;898;1823;4763;7,8;7,1;7,7;6,4;13,9;5,7
2013;5315;      Köln, Kreisfreie Stadt;52124;16590;2763;648;3718;7879;22638;10,6;9,6;10,1;9,1;18,9;6,9
2013;5316;      Leverkusen, Kreisfreie Stadt;6860;1726;424;118;779;1141;2554;9,3;8,3;8,3;8,4;17,4;9
2013;5334;      Städteregion Aachen (einschl. Stadt Aachen);25069;5626;1506;401;2338;4153;10618;9,8;8,8;9,1;8,6;18,3;7
2013;5334002;      Aachen, krfr. Stadt;.;.;.;.;.;.;.;.;.;.;.;.;.
2013;5354;      Aachen, Kreis;-;-;-;-;-;-;-;-;-;-;-;-;-
2013;5358;      Düren, Kreis;10793;1792;562;247;1292;1662;4656;8,8;8;7,8;8,2;18,5;8,5
2013;5362;      Rhein-Erft-Kreis;18403;4036;1177;298;1851;3498;8034;8,6;7,7;7,7;7,7;16,7;7,4
2013;5366;      Euskirchen, Kreis;6192;672;356;122;744;1202;2242;6,8;6,2;6,2;6,1;14,4;6,4
2013;5370;      Heinsberg, Kreis;9443;1257;526;209;1194;1644;3461;8,1;7,4;7,3;7,4;13,3;7,6
2013;5374;      Oberbergischer Kreis;8750;1377;620;162;1005;1858;3350;6,7;6,1;6;6,1;14;5,8
2013;5378;      Rheinisch-Bergischer Kreis;9205;1796;576;104;803;1939;4102;7,2;6,5;6,6;6,3;16,8;5,5
2013;5382;      Rhein-Sieg-Kreis;17986;3494;1093;351;2083;3264;6446;6,6;6;6,3;5,7;14,6;6,3
2013;55;    Münster, Regierungsbezirk;100738;18570;5547;1739;10692;17335;43200;.;.;.;.;.;.
2013;5512;      Bottrop, Kreisfreie Stadt;5277;976;307;110;646;848;2211;9,9;8,9;9,3;8,5;22,7;10,3
2013;5513;      Gelsenkirchen, Kreisfreie Stadt;17946;4280;1127;293;1810;2765;8137;16;14,4;14,3;14,5;27,7;13
2013;5515;      Münster, Kreisfreie Stadt;9257;1647;504;129;850;1459;3462;6,5;6;6,6;5,3;14,2;4,5
2013;5554;      Borken, Kreis;8725;1245;554;133;990;1678;3146;4,8;4,3;4;4,7;14,2;3,4
2013;5558;      Coesfeld, Kreis;3945;384;166;82;493;788;775;3,7;3,4;3,4;3,3;11,6;3,5
2013;5562;      Recklinghausen, Kreis;35158;6379;1469;601;3430;6102;18966;12,2;11,1;11;11,2;31,2;10,7
2013;5566;      Steinfurt, Kreis;11609;1931;819;247;1512;1983;3067;5,4;4,9;4,8;5;17,7;5,2
2013;5570;      Warendorf, Kreis;8821;1729;601;144;960;1711;3436;6,6;5,9;5,7;6,2;19,3;5,5
2013;57;    Detmold, Regierungsbezirk;71262;13116;3579;1159;8031;12355;26416;.;.;.;.;.;.
2013;5711;      Bielefeld, Kreisfreie Stadt;15533;4477;638;290;1704;2161;5971;10,4;9,5;9,7;9,2;22,3;9,6
2013;5754;      Gütersloh, Kreis;10273;2283;520;142;1162;1785;3763;5,9;5,4;5,1;5,7;15,2;5,2
2013;5758;      Herford, Kreis;8315;1426;462;137;935;1607;2940;7;6,3;6,5;6,2;18,1;6,7
2013;5762;      Höxter, Kreis;3944;306;251;52;470;852;1178;5,9;5,4;5,4;5,3;13,2;5,5
2013;5766;      Lippe, Kreis;13725;2042;632;220;1555;2426;5804;8,5;7,7;8;7,3;22,4;7,7
2013;5770;      Minden-Lübbecke, Kreis;9385;1161;421;143;1079;1706;3105;6,4;5,8;5,9;5,7;15,8;5,9
2013;5774;      Paderborn, Kreis;10087;1423;656;175;1125;1818;3655;6,9;6,3;6,1;6,5;16,3;5,7
2013;59;    Arnsberg, Regierungsbezirk;166365;35263;13019;2490;15853;28980;71721;.;.;.;.;.;.
2013;5911;      Bochum, Kreisfreie Stadt;19112;3779;1582;255;1696;3171;8171;11,4;10,4;11;9,6;24,6;9,2
2013;5913;      Dortmund, Kreisfreie Stadt;38511;10109;3028;660;3659;6102;17969;14,6;13,2;13,5;12,9;28,1;12,5
2013;5914;      Hagen, Kreisfreie Stadt;10154;2864;719;180;1104;1495;4389;11,8;10,6;10,6;10,6;21,6;10,5
2013;5915;      Hamm, Kreisfreie Stadt;9416;2197;805;155;891;1859;5640;11,5;10,5;10;11;23,1;8,8
2013;5916;      Herne, Kreisfreie Stadt;10510;2581;753;160;975;1583;4724;15,2;13,7;13,9;13,5;29;12,8
2013;5954;      Ennepe-Ruhr-Kreis;12779;2190;979;133;976;2473;5061;8,3;7,5;7,7;7,3;17,4;6
2013;5958;      Hochsauerlandkreis;7497;1037;502;94;753;1475;2783;5,8;5,2;5,1;5,3;11,9;4,4
2013;5962;      Märkischer Kreis;15864;3389;1258;219;1604;2943;5952;7,9;7,1;6,9;7,3;13,9;6,3
2013;5966;      Olpe, Kreis;3653;704;268;53;405;595;1263;5,3;4,8;4,3;5,4;13,4;4,3
2013;5970;      Siegen-Wittgenstein, Kreis;8678;1458;657;184;1095;1720;3101;6,4;5,8;5,5;6,1;14,5;5,9
2013;5974;      Soest, Kreis;10355;1504;749;134;967;2075;3890;7,1;6,4;6,3;6,6;15,8;5,4
2013;5978;      Unna, Kreis;19835;3451;1720;263;1728;3489;8778;10,7;9,6;9,6;9,7;23,9;8
2013;6;  Hessen;185607;49202;13835;3359;18251;34327;62850;6,6;5,8;5,9;5,8;13,1;5,5
2013;64;    Darmstadt, Regierungsbezirk;117455;38160;7744;2031;10633;20807;39295;.;.;.;.;.;.
2013;6411;      Darmstadt, Kreisfreie Stadt;5072;1634;246;104;483;755;1769;7,4;6,6;6,8;6,4;12,7;5,8
2013;6412;      Frankfurt am Main, Kreisfreie Stadt;26233;10819;1660;378;1950;4412;9326;8,3;7,4;7,8;6,9;12;6,4
2013;6413;      Offenbach am Main, Kreisfreie Stadt;6899;3407;568;103;530;1113;2284;12,5;11,1;10,6;11,6;16,9;8,2
2013;6414;      Wiesbaden, Landeshauptstadt, Kreisfreie Stadt;10773;3343;697;257;1198;1532;3605;8,3;7,5;7,5;7,4;14,1;8,3
2013;6431;      Bergstraße, Landkreis;6250;1397;466;39;364;1161;2331;5,1;4,5;4,5;4,5;10,9;2,5
2013;6432;      Darmstadt-Dieburg, Landkreis;7652;1845;460;150;787;1524;2806;5,6;4,9;4,8;5,1;11;4,9
2013;6433;      Groß-Gerau, Landkreis;8311;3295;375;178;872;1050;2718;6,8;6;5,9;6,2;13,2;6
2013;6434;      Hochtaunuskreis;4555;1368;356;55;324;953;1705;4,6;4,1;4,1;4;10;3,3
2013;6435;      Main-Kinzig-Kreis;10988;2781;829;219;1202;1867;2945;5,8;5,1;5;5,2;11,7;5,1
2013;6436;      Main-Taunus-Kreis;5400;1537;442;83;460;1129;1735;5;4,4;4,4;4,4;10;4,4
2013;6437;      Odenwaldkreis;2990;784;148;73;360;589;1353;6,6;5,9;5,5;6,3;14,2;5,8
2013;6438;      Offenbach, Landkreis;9964;3280;590;182;937;2133;2324;6,2;5,5;5,6;5,5;12,1;5,4
2013;6439;      Rheingau-Taunus-Kreis;4142;922;210;42;303;875;1737;4,9;4,3;4,3;4,3;11,9;3,3
2013;6440;      Wetteraukreis;8225;1748;698;168;865;1714;2657;6;5,3;5,4;5,2;14;5,5
2013;65;    Gießen, Regierungsbezirk;31597;5809;2852;538;3398;5948;11542;.;.;.;.;.;.
2013;6531;      Gießen, Landkreis;9457;1735;940;156;971;1759;4161;7,9;7;7,3;6,7;18,2;6,2
2013;6532;      Lahn-Dill-Kreis;8330;1706;741;155;905;1738;3202;6,9;6,1;5,9;6,4;16,8;5,8
2013;6533;      Limburg-Weilburg, Landkreis;5222;1140;427;89;557;884;1807;6,6;5,8;5,7;6;18,6;5,6
2013;6534;      Marburg-Biedenkopf, Landkreis;5928;1023;522;88;655;953;1751;5,2;4,6;4,6;4,6;11,6;4,3
2013;6535;      Vogelsbergkreis;2661;205;222;50;310;615;621;5,2;4,6;4,9;4,3;12,3;5
2013;66;    Kassel, Regierungsbezirk;36555;5232;3239;789;4220;7573;12014;.;.;.;.;.;.
2013;6611;      Kassel, Kreisfreie Stadt;9947;2411;642;227;1153;1782;3738;11,3;10,1;10,4;9,7;19,7;10,1
2013;6631;      Fulda, Landkreis;4138;526;572;91;446;883;993;4;3,6;3,5;3,7;10,4;3,2
2013;6632;      Hersfeld-Rotenburg, Landkreis;3211;358;302;64;380;691;1150;5,8;5,1;5,1;5,2;15,2;5,4
2013;6633;      Kassel, Landkreis;6415;719;519;129;697;1473;2133;5,9;5,2;5,2;5,1;15,8;5,6
2013;6634;      Schwalm-Eder-Kreis;5042;517;437;121;626;1043;1507;6;5,3;5,3;5,4;17,2;6,1
2013;6635;      Waldeck-Frankenberg, Landkreis;4373;460;441;92;524;968;1354;5,8;5,1;5,2;5,1;13;5,4
2013;6636;      Werra-Meißner-Kreis;3429;242;328;65;392;733;1139;7,7;6,8;7,1;6,5;18,4;7,6
2013;7;  Rheinland-Pfalz;116353;18664;6727;2477;12750;23031;37046;6,1;5,5;5,5;5,4;12,2;5,1
2013;71;    Koblenz, Stat. Region;41762;5533;2239;854;4484;8593;12817;.;.;.;.;.;.
2013;7111;      Koblenz, Kreisfreie Stadt;3708;722;183;79;335;715;1192;7,2;6,6;6,8;6,3;15,1;5,2
2013;7131;      Ahrweiler, Landkreis;2913;448;159;61;317;590;866;5;4,5;4,9;4;11;4
2013;7132;      Altenkirchen (Westerwald), Landkreis;3953;402;238;73;469;798;1306;6,4;5,7;5,4;6,1;13,4;5,3
2013;7133;      Bad Kreuznach, Landkreis;5829;912;265;133;630;1162;2273;7,9;7,1;7;7,3;15,6;6,8
2013;7134;      Birkenfeld, Landkreis;2914;218;176;61;331;584;1076;7,6;6,8;6,6;7;17;6,8
2013;7135;      Cochem-Zell, Landkreis;1358;114;74;31;163;297;329;4,5;4,1;4,3;3,9;9,1;3,7
2013;7137;      Mayen-Koblenz, Landkreis;5596;644;260;130;639;1165;1507;5,5;4,9;4,9;5;12,8;4,9
2013;7138;      Neuwied, Landkreis;5540;911;329;125;643;1187;1670;6,6;5,9;6;5,8;15,4;5,6
2013;7140;      Rhein-Hunsrück-Kreis;2652;252;159;49;287;619;876;5,3;4,8;4,7;4,9;12,2;4,3
2013;7141;      Rhein-Lahn-Kreis;2779;340;141;26;192;585;674;4,8;4,3;4,4;4,3;11,7;2,6
2013;7143;      Westerwaldkreis;4519;571;255;86;479;892;1047;4,6;4,2;4,1;4,2;9,6;3,6
2013;72;    Trier, Stat. Region;11478;1280;773;277;1460;2390;2873;.;.;.;.;.;.
2013;7211;      Trier, Kreisfreie Stadt;3146;414;180;75;384;523;837;6,2;5,7;6,5;5;11,2;4,5
2013;7231;      Bernkastel-Wittlich, Landkreis;2341;267;173;51;297;564;477;4,3;3,9;3,8;3,9;9,7;3,9
2013;7232;      Eifelkreis Bitburg-Prüm;1636;172;107;41;240;302;347;3,6;3,3;3,5;3,1;8,5;3,1
2013;7233;      Vulkaneifel, Landkreis;1562;101;83;37;191;384;514;5,3;4,8;4,8;4,8;10,1;4,4
2013;7235;      Trier-Saarburg, Landkreis;2795;326;230;73;348;617;697;3,9;3,6;3,9;3,3;11,5;3,3
2013;73;    Rheinhessen-Pfalz, Stat. Region;63113;11852;3716;1345;6806;12048;12494;.;.;.;.;.;.
2013;7311;      Frankenthal (Pfalz), Kreisfreie Stadt;1673;399;93;35;176;267;614;7,8;7;6,5;7,6;12,4;6,4
2013;7312;      Kaiserslautern, Kreisfreie Stadt;5409;838;305;98;543;1070;2171;11,8;10,6;10,8;10,5;17,8;8,7
2013;7313;      Landau in der Pfalz, Kreisfreie Stadt;1164;186;68;22;120;244;342;5,5;5;5,4;4,6;10,5;4,1
2013;7314;      Ludwigshafen am Rhein, Kreisfreie Stadt;7591;2626;386;149;747;998;2991;10,2;9,2;8,6;9,8;14,8;7,7
2013;7315;      Mainz, Kreisfreie Stadt;6633;2173;355;126;571;1031;2256;6,8;6,1;6,5;5,8;13,1;4,5
2013;7316;      Neustadt an der Weinstraße, Kreisfreie Stadt;1627;224;96;36;168;279;574;6,6;5,9;6;5,8;10,2;5,6
2013;7317;      Pirmasens, Kreisfreie Stadt;2711;261;177;72;313;501;1070;14,7;13,2;13,6;12,7;24;13,8
2013;7318;      Speyer, Kreisfreie Stadt;1688;411;89;48;187;291;707;7,1;6,4;6,8;5,9;14,8;6,7
2013;7319;      Worms, Kreisfreie Stadt;3655;840;146;108;474;604;1288;9,4;8,4;8;8,9;15,9;9,3
2013;7320;      Zweibrücken, Kreisfreie Stadt;1408;163;79;27;128;298;482;8,8;7,9;8,2;7,6;18,6;6,4
2013;7331;      Alzey-Worms, Landkreis;3167;425;171;80;397;666;885;5,2;4,6;4,5;4,9;10;5,2
2013;7332;      Bad Dürkheim, Landkreis;2910;345;206;51;300;629;891;4,8;4,3;4,1;4,4;8;4,2
2013;7333;      Donnersbergkreis;2364;253;168;57;291;539;790;6,5;5,8;5,7;5,9;12,5;6,6
2013;7334;      Germersheim, Landkreis;3263;624;203;72;367;658;885;5,2;4,6;4,4;5;9;4,4
2013;7335;      Kaiserslautern, Landkreis;3155;276;228;66;363;701;1047;6,4;5,8;5,9;5,6;12,1;6
2013;7336;      Kusel, Landkreis;1927;105;145;37;230;534;641;5,6;5,1;5,2;4,9;11,3;5,5
2013;7337;      Südliche Weinstraße, Landkreis;2386;264;163;46;258;538;712;4,6;4,1;4,1;4,2;9,7;4
2013;7338;      Rhein-Pfalz-Kreis;3036;556;180;63;315;598;1093;4,1;3,7;3,6;3,8;5,6;3,5
2013;7339;      Mainz-Bingen, Landkreis;4786;775;237;101;553;921;1326;4,8;4,3;4,5;4,2;10,2;5
2013;7340;      Südwestpfalz, Landkreis;2560;109;222;51;306;686;593;5,4;4,9;5,1;4,7;10,3;5,3
2013;8;  Baden-Württemberg;233945;59441;17444;3252;20623;49182;70249;4,5;4,1;4;4,1;9,1;3
2013;81;    Stuttgart, Regierungsbezirk;89976;26460;5979;1222;7842;18736;28081;.;.;.;.;.;.
2013;8111;      Stuttgart, Landeshauptstadt, Kreisfreie Stadt;18006;7099;985;217;1274;3206;7074;6,5;5,9;6;5,7;10,6;4
2013;8115;      Böblingen, Landkreis;7522;2418;437;79;587;1639;2205;4,2;3,8;3,6;4;8,1;2,7
2013;8116;      Esslingen, Landkreis;9970;3131;650;137;857;1879;3164;4;3,6;3,4;3,7;8;2,8
2013;8117;      Göppingen, Landkreis;5667;1507;398;90;597;1247;1389;4,8;4,2;4,1;4,5;9;3,8
2013;8118;      Ludwigsburg, Landkreis;10991;3376;785;169;1058;2379;2986;4,3;3,9;3,6;4,1;8;3,5
2013;8119;      Rems-Murr-Kreis;8779;2668;551;87;666;1874;2618;4,4;3,9;3,9;4;9,1;2,7
2013;8121;      Heilbronn, Kreisfreie Stadt;4248;1524;318;70;383;739;1197;7,4;6,6;6,5;6,8;11,8;5
2013;8125;      Heilbronn, Landkreis;7005;1646;541;113;686;1456;1997;4,3;3,8;3,6;4,1;8,9;3,1
2013;8126;      Hohenlohekreis;1894;262;159;26;181;498;607;3,4;3;2,9;3,2;5,9;2,3
2013;8127;      Schwäbisch Hall, Landkreis;3567;528;301;64;398;778;943;3,8;3,4;3,3;3,5;8,1;3
2013;8128;      Main-Tauber-Kreis;2661;356;353;52;275;690;809;4,1;3,6;3,6;3,8;10,7;3,3
2013;8135;      Heidenheim, Landkreis;3565;771;244;44;313;875;1169;5,8;5,2;5;5,5;11,5;3,8
2013;8136;      Ostalbkreis;6103;1172;256;74;569;1478;1922;4,1;3,6;3,5;3,8;9,6;2,7
2013;82;    Karlsruhe, Regierungsbezirk;64449;16032;5739;917;5664;13315;20534;.;.;.;.;.;.
2013;8211;      Baden-Baden, Kreisfreie Stadt;1491;451;101;19;101;397;598;6,3;5,6;5,3;5,8;13,6;3,7
2013;8212;      Karlsruhe, Kreisfreie Stadt;8556;2253;619;137;661;1449;2733;6,2;5,6;5,8;5,4;10,7;4
2013;8215;      Karlsruhe, Landkreis;7555;1545;659;137;834;1690;1757;3,6;3,2;3,2;3,2;7,4;3,2
2013;8216;      Rastatt, Landkreis;4559;994;395;72;431;1226;1322;4;3,6;3,3;3,9;8,8;3
2013;8221;      Heidelberg, Kreisfreie Stadt;3481;859;290;45;262;605;1233;5,8;5,3;5,8;4,7;9,7;3,3
2013;8222;      Mannheim, Universitätsstadt, Kreisfreie Stadt;9260;3305;801;63;437;1536;3517;6,7;6;5,8;6,2;11,4;2,5
2013;8225;      Neckar-Odenwald-Kreis;3120;412;458;53;335;788;1027;4,5;4;3,7;4,4;9,5;3,6
2013;8226;      Rhein-Neckar-Kreis;12535;2683;1222;165;1183;2584;3921;5;4,4;4,5;4,3;10,2;4
2013;8231;      Pforzheim, Kreisfreie Stadt;4864;1736;371;81;457;837;1801;8,9;8;7,9;8,1;14,9;6,4
2013;8235;      Calw, Landkreis;3489;755;285;56;365;794;999;4,7;4,2;4,1;4,3;8,4;3,5
2013;8236;      Enzkreis;2876;618;246;48;320;693;763;3,1;2,8;2,7;2,8;6,2;2,6
2013;8237;      Freudenstadt, Landkreis;2664;422;294;41;280;716;865;4,5;4,1;3,9;4,2;8,8;3,3
2013;83;    Freiburg, Regierungsbezirk;45713;9586;3315;642;3868;9743;12307;.;.;.;.;.;.
2013;8311;      Freiburg im Breisgau, Kreisfreie Stadt;6659;1755;399;48;300;1186;2045;6,7;6;6,8;5,3;12,8;2,2
2013;8315;      Breisgau-Hochschwarzwald, Landkreis;4548;787;378;61;356;1031;1194;3,8;3,4;3,6;3,2;7,8;2,1
2013;8316;      Emmendingen, Landkreis;2854;496;218;37;257;608;602;3,6;3,2;3,4;3,1;8,3;2,4
2013;8317;      Ortenaukreis;8756;1533;544;115;747;1997;2627;4,2;3,7;3,6;3,9;10,1;2,6
2013;8325;      Rottweil, Landkreis;2498;495;225;48;259;553;684;3,7;3,3;3;3,5;9,6;2,5
2013;8326;      Schwarzwald-Baar-Kreis;4380;974;421;82;467;919;1184;4,4;3,9;3,8;4;8,5;3,3
2013;8327;      Tuttlingen, Landkreis;2344;553;198;28;205;502;599;3,5;3,1;2,9;3,3;7,1;2,1
2013;8335;      Konstanz, Landkreis;6253;1362;465;110;559;1343;1592;4,8;4,3;4,5;4,1;8,1;2,9
2013;8336;      Lörrach, Landkreis;4596;1039;305;63;430;967;1245;4;3,7;3,9;3,4;7,3;2,5
2013;8337;      Waldshut, Landkreis;2825;593;163;50;288;637;536;3,4;3,1;3,6;2,7;5,9;2,1
2013;84;    Tübingen, Regierungsbezirk;33808;7363;2411;474;3249;7387;9327;.;.;.;.;.;.
2013;8415;      Reutlingen, Landkreis;6009;1712;396;85;561;1093;1983;4,5;4;4;4;9,5;3,2
2013;8416;      Tübingen, Landkreis;3874;950;226;39;282;751;1252;3,8;3,4;3,6;3,2;8,3;2,1
2013;8417;      Zollernalbkreis;4341;848;440;70;450;974;1348;4,8;4,3;4;4,6;9,8;3,6
2013;8421;      Ulm, Universitätsstadt, Kreisfreie Stadt;3214;1042;231;42;276;728;944;5,6;5;5;5;9,4;3,7
2013;8425;      Alb-Donau-Kreis;3322;704;224;49;376;823;752;3,5;3,1;2,9;3,5;7,8;2,7
2013;8426;      Biberach, Landkreis;2993;422;280;58;349;759;675;3,1;2,8;2,7;2,9;7,1;2,5
2013;8435;      Bodenseekreis;3193;620;153;34;256;728;785;3,2;2,8;2,6;3,1;5;1,8
2013;8436;      Ravensburg, Landkreis;4171;667;284;53;402;925;876;3,2;2,8;2,8;2,9;6,1;2
2013;8437;      Sigmaringen, Landkreis;2692;400;177;44;298;607;712;4,3;3,9;3,6;4,2;9,3;3,2
2013;9;  Bayern;264523;55290;23005;5097;26027;58338;66055;4,4;3,8;3,9;3,8;8,8;3,2
2013;91;    Oberbayern, Regierungsbezirk;87439;25744;6204;1462;7309;18180;21921;.;.;.;.;.;.
2013;9161;      Ingolstadt;2539;650;195;64;259;599;551;4;3,5;3,1;4;6,7;3,2
2013;9162;      München, Landeshauptstadt;39775;16383;2529;606;2795;7068;11365;5,9;5,2;5,4;5;9,2;3,9
2013;9163;      Rosenheim;1632;453;153;24;143;303;403;5,7;5;5;5;8,3;3,6
2013;9171;      Altötting, Landkreis;2138;272;172;42;231;484;539;4,1;3,6;3,5;3,7;7,5;3,2
2013;9172;      Berchtesgadener Land, Landkreis;1999;356;190;29;187;477;366;4,7;4,1;4,5;3,8;8,3;2,9
2013;9173;      Bad Tölz-Wolfratshausen, Landkreis;1942;333;155;29;169;493;402;3,4;3;3,1;2,9;6,3;2,1
2013;9174;      Dachau, Landkreis;1983;545;155;46;220;483;399;2,8;2,5;2,5;2,5;6;2,3
2013;9175;      Ebersberg, Landkreis;1734;358;132;29;149;430;321;2,8;2,4;2,4;2,4;5,6;1,9
2013;9176;      Eichstätt, Landkreis;945;153;75;28;119;218;121;1,5;1,3;1,2;1,5;4,6;1,3
2013;9177;      Erding, Landkreis;1584;272;145;29;158;368;298;2,4;2,1;2,1;2,1;5,2;1,7
2013;9178;      Freising, Landkreis;2460;628;221;42;220;573;413;2,9;2,5;2,6;2,5;5,5;1,9
2013;9179;      Fürstenfeldbruck, Landkreis;3456;792;215;60;297;809;876;3,5;3,1;3,2;3;7,3;2,5
2013;9180;      Garmisch-Partenkirchen, Landkreis;1728;308;128;25;153;431;381;4,5;4;4,5;3,4;7,8;2,9
2013;9181;      Landsberg am Lech, Landkreis;1751;219;121;32;170;431;354;3,3;2,9;2,9;3;7;2,4
2013;9182;      Miesbach, Landkreis;1466;246;116;16;113;404;311;3,4;2,9;3,1;2,8;5,4;1,8
2013;9183;      Mühldorf a.Inn, Landkreis;2301;334;208;38;247;456;640;4,4;3,9;3,9;3,9;9,3;3,2
2013;9184;      München, Landkreis;5188;1504;266;61;346;1099;1389;3,5;3;3;3;6,6;2,1
2013;9185;      Neuburg-Schrobenhausen, Landkreis;1173;207;95;30;135;269;266;2,6;2,3;2,2;2,3;6,8;2
2013;9186;      Pfaffenhofen a.d.Ilm, Landkreis;1402;176;121;37;161;358;198;2,4;2,1;2;2,2;4,4;2
2013;9187;      Rosenheim, Landkreis;3653;501;297;74;403;883;820;3,2;2,8;3;2,7;5,8;2,4
2013;9188;      Starnberg, Landkreis;1809;372;110;26;118;434;472;3,3;2,9;3,1;2,7;5,3;1,8
2013;9189;      Traunstein, Landkreis;2829;371;251;52;291;668;633;3,6;3,2;3,4;2,9;7,1;2,5
2013;9190;      Weilheim-Schongau, Landkreis;1952;312;155;43;225;440;404;3,2;2,8;3;2,6;6,6;2,5
2013;92;    Niederbayern, Regierungsbezirk;22898;2651;1947;544;2527;5394;4800;.;.;.;.;.;.
2013;9261;      Landshut;1693;408;129;29;157;372;423;5,5;4,8;4,9;4,8;9,7;4,1
2013;9262;      Passau;1395;218;70;25;131;292;315;6,3;5,6;5,9;5,2;11,1;4,1
2013;9263;      Straubing;1369;224;130;37;165;237;294;6,4;5,7;5,7;5,6;11,5;5,8
2013;9271;      Deggendorf, Landkreis;2151;213;195;49;234;472;326;3,8;3,3;3,5;3,2;5,8;2,8
2013;9272;      Freyung-Grafenau, Landkreis;1637;69;144;32;162;427;291;4,5;3,9;4,5;3,2;11,9;3
2013;9273;      Kelheim, Landkreis;1870;261;191;45;213;485;414;3,3;2,9;2,8;3;6,7;2,6
2013;9274;      Landshut, Landkreis;2234;257;205;48;254;541;565;3;2,6;2,5;2,7;6,3;2,4
2013;9275;      Passau, Landkreis;3793;326;250;96;430;933;728;4,3;3,8;4;3,5;11,4;3,3
2013;9276;      Regen, Landkreis;1569;88;131;24;139;364;314;4,3;3,8;4,5;3;11,2;2,6
2013;9277;      Rottal-Inn, Landkreis;2217;299;173;81;284;503;562;4;3,5;3,7;3,3;9,8;3,3
2013;9278;      Straubing-Bogen, Landkreis;1560;127;164;35;180;379;272;3,3;2,9;3,1;2,7;7,2;2,6
2013;9279;      Dingolfing-Landau, Landkreis;1410;161;165;43;179;389;296;2,9;2,5;2,4;2,7;2,6;2,3
2013;93;    Oberpfalz, Regierungsbezirk;22297;2362;2144;447;2419;5046;4923;.;.;.;.;.;.
2013;9361;      Amberg;1398;181;131;39;148;290;385;6,9;6,1;6,2;6;14,2;5,5
2013;9362;      Regensburg;3629;767;326;53;323;678;847;5,3;4,7;5;4,4;9,2;3,6
2013;9363;      Weiden i.d.OPf.;1611;208;136;35;170;286;416;8;7;7,4;6,7;15,8;6,6
2013;9371;      Amberg-Sulzbach, Landkreis;1885;122;184;39;221;457;409;3,7;3,2;3,3;3,2;9,7;3,1
2013;9372;      Cham, Landkreis;2453;141;252;64;291;558;266;4;3,5;4;2,9;8,9;3,1
2013;9373;      Neumarkt i.d.OPf., Landkreis;1739;149;161;34;181;464;294;2,8;2,4;2,6;2,3;5,8;1,9
2013;9374;      Neustadt a.d.Waldnaab, Landkreis;2198;116;223;48;255;544;589;4,7;4,1;4,1;4,1;10,6;3,8
2013;9375;      Regensburg, Landkreis;2709;316;245;56;294;631;511;2,9;2,6;2,6;2,6;8;2,4
2013;9376;      Schwandorf, Landkreis;2783;249;306;74;342;655;591;4;3,5;3,4;3,5;10;3,3
2013;9377;      Tirschenreuth, Landkreis;1892;114;181;44;195;484;615;5,4;4,7;4,5;4,9;17;3,8
2013;94;    Oberfranken, Regierungsbezirk;25587;2444;2517;461;2517;6183;6359;.;.;.;.;.;.
2013;9461;      Bamberg;1937;315;129;56;173;355;506;5,8;5,1;5,1;5,1;11;3,6
2013;9462;      Bayreuth;2332;349;298;35;182;518;632;7,1;6,3;6,7;5,8;13,1;4
2013;9463;      Coburg;1322;151;100;35;140;251;315;6,9;6,1;5,9;6,2;10,5;5,7
2013;9464;      Hof;1572;290;206;18;125;334;410;7,9;6,9;7,1;6,6;14,1;5,1
2013;9471;      Bamberg, Landkreis;2491;123;195;56;286;662;603;3,4;2,9;3;2,9;6,8;2,7
2013;9472;      Bayreuth, Landkreis;2178;113;262;35;218;579;509;4,2;3,7;3,9;3,5;9,4;3,1
2013;9473;      Coburg, Landkreis;2002;121;211;35;222;503;453;4,7;4,1;4;4,2;9,1;4,1
2013;9474;      Forchheim, Landkreis;2070;222;157;43;237;439;457;3,7;3,2;3,1;3,3;8;3
2013;9475;      Hof, Landkreis;2268;169;208;38;236;571;595;5,1;4,5;4,6;4,4;11,4;4,4
2013;9476;      Kronach, Landkreis;1697;94;199;30;166;452;361;5;4,4;4,6;4,1;9,7;4
2013;9477;      Kulmbach, Landkreis;2010;137;197;32;186;497;545;5,6;4,9;5,1;4,7;13,5;4,2
2013;9478;      Lichtenfels, Landkreis;1701;127;171;38;180;491;396;5,1;4,4;4,5;4,4;12,6;3,9
2013;9479;      Wunsiedel i.Fichtelgebirge, Landkreis;2009;233;184;28;166;531;579;6;5,2;5,2;5,3;13,1;4,3
2013;95;    Mittelfranken, Regierungsbezirk;45452;11338;5127;935;4679;9373;13670;.;.;.;.;.;.
2013;9561;      Ansbach;1075;207;104;25;138;215;238;5,5;4,9;4,6;5,1;12,5;5,2
2013;9562;      Erlangen;2487;566;309;35;209;507;982;4,7;4,1;4,1;4,1;6,9;3,1
2013;9563;      Fürth;4633;1311;508;102;452;833;1397;7,9;6,9;7;6,8;14,1;6,1
2013;9564;      Nürnberg;21302;7313;2389;409;2101;3899;7378;8,8;7,8;7,7;7,8;14,7;7
2013;9565;      Schwabach;969;204;99;21;108;191;303;5,2;4,6;4,4;4,8;11,2;4,7
2013;9571;      Ansbach, Landkreis;3090;371;350;75;351;798;744;3,5;3;2,9;3,2;8,7;2,7
2013;9572;      Erlangen-Höchstadt, Landkreis;1780;192;170;30;190;428;357;2,8;2,4;2,5;2,3;4,8;2,3
2013;9573;      Fürth, Landkreis;2140;261;290;37;198;541;543;3,9;3,4;3,6;3,2;9;2,9
2013;9574;      Nürnberger Land, Landkreis;2771;366;363;59;315;691;605;3,5;3,1;3,3;2,8;7,1;3,2
2013;9575;      Neustadt a.d.Aisch-Bad Windsheim, Landkreis;1399;114;151;42;194;293;246;2,9;2,6;2,6;2,5;5,8;2,8
2013;9576;      Roth, Landkreis;2115;207;217;51;233;552;494;3,5;3,1;3;3,2;7,9;2,8
2013;9577;      Weißenburg-Gunzenhausen, Landkreis;1692;226;179;49;191;425;384;3,8;3,3;3,2;3,5;8,6;2,9
2013;96;    Unterfranken, Regierungsbezirk;26395;3760;2203;520;2892;6052;6354;.;.;.;.;.;.
2013;9661;      Aschaffenburg;2410;669;148;46;235;451;638;7,3;6,4;6,4;6,3;14,2;5,8
2013;9662;      Schweinfurt;1692;350;129;18;155;402;405;7,1;6,2;5,6;6,9;10,6;4,9
2013;9663;      Würzburg;3274;674;279;37;238;659;1003;5,4;4,8;5,1;4,4;11,7;2,5
2013;9671;      Aschaffenburg, Landkreis;3183;476;255;84;375;774;733;3,8;3,3;3,3;3,3;7,9;3,3
2013;9672;      Bad Kissingen, Landkreis;2259;152;223;47;247;615;584;4,6;4;3,8;4,4;12,5;3,7
2013;9673;      Rhön-Grabfeld, Landkreis;1414;84;119;28;179;381;308;3,7;3,2;3,4;3;10,4;3,4
2013;9674;      Haßberge, Landkreis;1706;91;173;43;232;415;356;4;3,5;3,4;3,5;9,4;3,8
2013;9675;      Kitzingen, Landkreis;1579;201;151;34;181;353;314;3,7;3,2;3;3,4;9,2;3
2013;9676;      Miltenberg, Landkreis;2552;490;187;54;287;549;472;4,1;3,5;3,5;3,6;8,6;3,2
2013;9677;      Main-Spessart, Landkreis;2014;201;189;56;285;469;403;3,2;2,8;2,7;2,8;6,4;3,2
2013;9678;      Schweinfurt, Landkreis;1792;141;131;30;215;431;390;3,2;2,8;2,6;3;8,4;2,8
2013;9679;      Würzburg, Landkreis;2520;232;219;43;264;554;748;3,2;2,8;2,7;2,9;7,5;2,6
2013;97;    Schwaben, Regierungsbezirk;34455;6991;2861;718;3684;8111;8028;.;.;.;.;.;.
2013;9761;      Augsburg;9429;2870;758;172;868;1973;2596;7,3;6,4;6,3;6,5;11,4;4,8
2013;9762;      Kaufbeuren;1394;266;123;40;160;330;346;7;6,1;5,8;6,5;11,5;5,9
2013;9763;      Kempten (Allgäu);1668;360;147;30;161;401;342;5,5;4,8;4,8;4,8;8,3;3,7
2013;9764;      Memmingen;882;217;51;18;93;200;195;4,4;3,8;3,6;4,1;6,6;3,3
2013;9771;      Aichach-Friedberg, Landkreis;1840;255;157;48;208;465;402;2,9;2,6;2,6;2,5;6,7;2,3
2013;9772;      Augsburg, Landkreis;3732;523;326;93;429;924;718;3,2;2,8;2,7;2,9;6,4;2,6
2013;9773;      Dillingen a.d.Donau, Landkreis;1368;188;155;25;145;400;327;2,9;2,6;2,4;2,7;6,2;2
2013;9774;      Günzburg, Landkreis;2075;388;205;40;241;481;509;3,5;3;2,8;3,3;6;2,7
2013;9775;      Neu-Ulm, Landkreis;3207;726;220;53;328;682;757;3,9;3,4;3,3;3,5;7,1;2,9
2013;9776;      Lindau (Bodensee), Landkreis;1233;242;79;28;144;263;236;3,4;3;2,9;3;5,7;2,6
2013;9777;      Ostallgäu, Landkreis;1970;268;154;43;246;498;386;3,1;2,7;2,6;2,9;6,4;2,5
2013;9778;      Unterallgäu, Landkreis;1591;200;131;40;216;411;271;2,5;2,1;2;2,3;5,6;2,1
2013;9779;      Donau-Ries, Landkreis;1543;169;157;31;160;411;393;2,4;2,1;1,9;2,3;3,8;1,7
2013;9780;      Oberallgäu, Landkreis;2525;319;200;57;285;672;550;3,6;3,1;3,1;3,2;7,1;2,7
2013;10;  Saarland;37383;5767;1996;773;3983;6943;13082;7,9;7,3;7,4;7,3;17,6;7,1
2013;10041;      Saarbrücken, Regionalverband;15895;2815;875;309;1600;2618;6064;10,6;9,7;10;9,5;19,2;9,1
2013;10041100;      Saarbrücken, Landeshauptstadt;.;.;.;.;.;.;.;.;.;.;.;.;.
2013;10042;      Merzig-Wadern, Landkreis;2748;331;148;72;317;503;787;5,5;5,1;5,4;4,9;12,5;5
2013;10043;      Neunkirchen, Landkreis;5531;696;289;135;659;1077;1872;8,7;8;7,9;8;19,7;8,7
2013;10044;      Saarlouis, Landkreis;6773;1154;369;162;800;1303;2372;7,2;6,6;6,3;7;16,9;7
2013;10045;      Saarpfalz-Kreis;4471;623;187;73;447;980;1524;6,5;6;6;5,9;15,3;5,8
2013;10046;      St. Wendel, Landkreis;1964;147;129;22;161;464;464;4,5;4,2;4,1;4,2;13,7;3,2
2013;11;  Berlin;210083;48021;10684;3877;19108;30870;70084;13,9;11,7;12,5;10,9;22,3;12
2013;12;  Brandenburg;132328;4447;6478;1452;10755;30629;53403;11;9,9;10,4;9,3;17,8;9,7
2013;12051;      Brandenburg an der Havel, Kreisfreie Stadt;4973;198;223;53;485;1101;2268;14,5;12,9;14,1;11,6;24,4;13,2
2013;12052;      Cottbus, Kreisfreie Stadt;6330;335;339;80;581;1254;2485;13,2;11,8;12,8;10,9;22,2;11,6
2013;12053;      Frankfurt (Oder), Kreisfreie Stadt;4566;337;263;32;315;993;2234;16;14,3;15,4;13,2;30,2;12,1
2013;12054;      Potsdam, Kreisfreie Stadt;6461;637;303;78;565;1069;1966;8,4;7,5;8,5;6,5;18,3;7,2
2013;12060;      Barnim, Landkreis;8957;286;580;120;849;2080;3717;10,6;9,4;10,4;8,4;19;11,2
2013;12061;      Dahme-Spreewald, Landkreis;6235;218;347;58;450;1464;1918;8,1;7,2;7,5;6,7;7,5;6,2
2013;12062;      Elbe-Elster, Landkreis;7252;116;331;72;541;1891;3455;14;12,5;12,2;12,8;22,5;11
2013;12063;      Havelland, Landkreis;7815;196;413;100;687;1802;2905;10,4;9,3;9,7;8,8;12,6;9,6
2013;12064;      Märkisch-Oderland, Landkreis;9910;281;523;114;797;2393;3564;10,9;9,8;10,8;8,6;22,4;9,8
2013;12065;      Oberhavel, Landkreis;9925;298;447;82;732;2369;4344;9,9;8,9;9,3;8,4;13,9;8,3
2013;12066;      Oberspreewald-Lausitz, Landkreis;8623;174;440;85;656;1934;4211;15,5;13,8;13,6;14;20,6;12,3
2013;12067;      Oder-Spree, Landkreis;8689;330;224;98;732;2136;3893;10;9;9,4;8,5;25,2;9,9
2013;12068;      Ostprignitz-Ruppin, Landkreis;5629;109;257;57;456;1122;1735;11,5;10,4;10,7;9,9;21,9;10,1
2013;12069;      Potsdam-Mittelmark, Landkreis;7592;242;324;98;611;1973;2758;7,6;6,8;7,5;6,1;12,3;7,1
2013;12070;      Prignitz, Landkreis;5341;86;263;54;400;1217;2273;14,3;12,7;12,6;12,9;24,4;10,9
2013;12071;      Spree-Neiße, Landkreis;6901;155;339;42;415;1719;2703;11,6;10,4;10,7;10,1;24;8,2
2013;12072;      Teltow-Fläming, Landkreis;6850;227;295;113;674;1520;2254;8,6;7,6;8;7,2;13,1;8,3
2013;12073;      Uckermark, Landkreis;10280;223;569;114;812;2591;4721;16,8;15,2;14,9;15,6;27,6;14,5
2013;13;  Mecklenburg-Vorpommern;98950;2852;5071;1261;8990;21123;32943;12,9;11,7;12,6;10,7;20,4;11,1
2013;13001;      Kreisfreie Stadt Greifswald, Hansestadt;-;-;-;-;-;-;-;-;-;-;-;-;-
2013;13002;      Kreisfreie Stadt Neubrandenburg, Stadt;-;-;-;-;-;-;-;-;-;-;-;-;-
2013;13003;      Kreisfreie Stadt Rostock, Hansestadt;12019;787;543;170;1200;2039;4070;12,6;11,5;12,8;10,1;22;9,6
2013;13004;      Kreisfreie Stadt Schwerin, Landeshauptstadt;5665;503;312;76;535;1012;1824;12,8;11,6;12,9;10,2;27,9;10,7
2013;13005;      Kreisfreie Stadt Stralsund, Hansestadt;-;-;-;-;-;-;-;-;-;-;-;-;-
2013;13006;      Kreisfreie Stadt Wismar, Hansestadt;-;-;-;-;-;-;-;-;-;-;-;-;-
2013;13051;      Landkreis Bad Doberan;-;-;-;-;-;-;-;-;-;-;-;-;-
2013;13052;      Landkreis Demmin;-;-;-;-;-;-;-;-;-;-;-;-;-
2013;13053;      Landkreis Güstrow;-;-;-;-;-;-;-;-;-;-;-;-;-
2013;13054;      Landkreis Ludwigslust;-;-;-;-;-;-;-;-;-;-;-;-;-
2013;13055;      Landkreis Mecklenburg-Strelitz;-;-;-;-;-;-;-;-;-;-;-;-;-
2013;13056;      Landkreis Müritz;-;-;-;-;-;-;-;-;-;-;-;-;-
2013;13057;      Landkreis Nordvorpommern;-;-;-;-;-;-;-;-;-;-;-;-;-
2013;13058;      Landkreis Nordwestmecklenburg;-;-;-;-;-;-;-;-;-;-;-;-;-
2013;13059;      Landkreis Ostvorpommern;-;-;-;-;-;-;-;-;-;-;-;-;-
2013;13060;      Landkreis Parchim;-;-;-;-;-;-;-;-;-;-;-;-;-
2013;13061;      Landkreis Rügen;-;-;-;-;-;-;-;-;-;-;-;-;-
2013;13062;      Landkreis Uecker-Randow;-;-;-;-;-;-;-;-;-;-;-;-;-
2013;13071;      Landkreis Mecklenburgische Seenplatte;19564;286;1334;220;1695;4428;7439;15,2;13,9;14,5;13,2;20,5;13,1
2013;13072;      Landkreis Rostock;10358;171;383;140;969;2194;3269;10,3;9,3;10,2;8,4;12,9;10,3
2013;13073;      Landkreis Vorpommern-Rügen;15431;226;642;194;1378;3468;4373;14,5;13,2;14,5;11,9;16,5;12,7
2013;13074;      Landkreis Nordwestmecklenburg;8332;234;432;120;773;1956;3198;10,9;9,9;10,5;9,2;19,9;9,8
2013;13075;      Landkreis Vorpommern-Greifswald;17492;435;826;205;1490;3796;5480;15,7;14,3;15,7;12,9;22,8;12,3
2013;13076;      Landkreis Ludwigslust-Parchim;10090;210;598;137;950;2231;3291;9,5;8,6;9;8,2;14,3;8,9
2013;14;  Sachsen;200628;9160;10964;2152;16117;49422;73957;10,5;9,4;9,8;9,1;20,3;8,3
2013;141;    Chemnitz, Regierungsbezirk;-;-;-;-;-;-;-;-;-;-;-;-;-
2013;14161;      Chemnitz, Kreisfreie Stadt;-;-;-;-;-;-;-;-;-;-;-;-;-
2013;14166;      Plauen, Kreisfreie Stadt;-;-;-;-;-;-;-;-;-;-;-;-;-
2013;14167;      Zwickau, Kreisfreie Stadt;-;-;-;-;-;-;-;-;-;-;-;-;-
2013;14171;      Annaberg, Landkreis;-;-;-;-;-;-;-;-;-;-;-;-;-
2013;14173;      Chemnitzer Land, Landkreis;-;-;-;-;-;-;-;-;-;-;-;-;-
2013;14177;      Freiberg, Landkreis;-;-;-;-;-;-;-;-;-;-;-;-;-
2013;14178;      Vogtlandkreis;-;-;-;-;-;-;-;-;-;-;-;-;-
2013;14181;      Mittlerer Erzgebirgskreis;-;-;-;-;-;-;-;-;-;-;-;-;-
2013;14182;      Mittweida, Landkreis;-;-;-;-;-;-;-;-;-;-;-;-;-
2013;14188;      Stollberg, Landkreis;-;-;-;-;-;-;-;-;-;-;-;-;-
2013;14191;      Aue-Schwarzenberg, Landkreis;-;-;-;-;-;-;-;-;-;-;-;-;-
2013;14193;      Zwickauer Land, Landkreis;-;-;-;-;-;-;-;-;-;-;-;-;-
2013;142;    Dresden, Regierungsbezirk;-;-;-;-;-;-;-;-;-;-;-;-;-
2013;14262;      Dresden, Kreisfreie Stadt;-;-;-;-;-;-;-;-;-;-;-;-;-
2013;14263;      Görlitz, Kreisfreie Stadt;-;-;-;-;-;-;-;-;-;-;-;-;-
2013;14264;      Hoyerswerda, Kreisfreie Stadt;-;-;-;-;-;-;-;-;-;-;-;-;-
2013;14272;      Bautzen, Landkreis;-;-;-;-;-;-;-;-;-;-;-;-;-
2013;14280;      Meißen, Landkreis;-;-;-;-;-;-;-;-;-;-;-;-;-
2013;14284;      Niederschlesischer Oberlausitzkreis;-;-;-;-;-;-;-;-;-;-;-;-;-
2013;14285;      Riesa-Großenhain, Landkreis;-;-;-;-;-;-;-;-;-;-;-;-;-
2013;14286;      Löbau-Zittau, Landkreis;-;-;-;-;-;-;-;-;-;-;-;-;-
2013;14287;      Sächsische Schweiz, Landkreis;-;-;-;-;-;-;-;-;-;-;-;-;-
2013;14290;      Weißeritzkreis;-;-;-;-;-;-;-;-;-;-;-;-;-
2013;14292;      Kamenz, Landkreis;-;-;-;-;-;-;-;-;-;-;-;-;-
2013;143;    Leipzig, Regierungsbezirk;-;-;-;-;-;-;-;-;-;-;-;-;-
2013;14365;      Leipzig, Kreisfreie Stadt;-;-;-;-;-;-;-;-;-;-;-;-;-
2013;14374;      Delitzsch, Landkreis;-;-;-;-;-;-;-;-;-;-;-;-;-
2013;14375;      Döbeln, Landkreis;-;-;-;-;-;-;-;-;-;-;-;-;-
2013;14379;      Leipziger Land, Landkreis;-;-;-;-;-;-;-;-;-;-;-;-;-
2013;14383;      Muldentalkreis;-;-;-;-;-;-;-;-;-;-;-;-;-
2013;14389;      Torgau-Oschatz, Landkreis;-;-;-;-;-;-;-;-;-;-;-;-;-
2013;145;    Chemnitz, NUTS 2-Region;68061;2368;4292;760;5256;18920;24170;.;.;.;.;.;.
2013;14511;      Chemnitz, Stadt;12612;975;906;165;1057;3139;5045;11,5;10,3;10,6;10;26,1;9
2013;14521;      Erzgebirgskreis;16600;294;1046;157;1165;4925;5358;9,8;8,9;8,8;8,9;21,5;7,2
2013;14522;      Mittelsachsen, Landkreis;14482;366;854;164;1153;4201;5763;9,5;8,5;8,6;8,5;18,8;7,8
2013;14523;      Vogtlandkreis;10161;325;603;109;772;2826;3183;9,4;8,4;8,6;8,1;20;7,4
2013;14524;      Zwickau, Landkreis;14206;408;883;165;1110;3830;4821;9,3;8,3;8,1;8,5;18;7,2
2013;146;    Dresden, NUTS 2-Region;78914;3448;3897;740;6028;19283;31175;.;.;.;.;.;.
2013;14612;      Dresden, Stadt;24239;1969;1297;284;2217;4407;8822;9,9;8,8;9,5;8,1;17,7;7,6
2013;14625;      Bautzen, Landkreis;15575;294;747;116;1048;4247;7082;10,4;9,3;9,4;9,3;17,4;7,5
2013;14626;      Görlitz, Landkreis;16004;586;697;121;990;4494;6895;13,2;12;12,4;11,5;25;8,6
2013;14627;      Meißen, Landkreis;12063;270;660;98;898;3201;4005;10,3;9,3;9,4;9,2;17,3;8,5
2013;14628;      Sächsische Schweiz-Osterzgebirge, Landkreis;11034;329;496;121;875;2935;4371;9,6;8,6;9,3;7,7;20,3;7,8
2013;147;    Leipzig, NUTS 2-Region;53653;3344;2775;654;4833;11218;18612;.;.;.;.;.;.
2013;14713;      Leipzig, Stadt;29716;2824;1598;406;2871;5310;9277;12,3;11;11,8;10;22,1;10,1
2013;14729;      Leipzig, Landkreis;12188;182;614;122;1015;3018;4225;9,7;8,8;9,2;8,3;13,4;8,7
2013;14730;      Nordsachsen, Landkreis;11749;338;563;126;948;2890;5111;12;10,8;11;10,5;20,8;10
2013;15;  Sachsen-Anhalt;132133;4314;4962;1465;10887;28476;47156;12,1;11,2;11,4;10,9;21,3;10,2
2013;15001;      Dessau-Roßlau, Kreisfreie Stadt;5044;167;287;56;423;1188;2093;12,9;11,9;12,4;11,4;21,1;11,7
2013;15002;      Halle (Saale), Kreisfreie Stadt;13682;1077;640;166;1162;2625;5195;13,2;12,1;13,4;10,7;24,5;10
2013;15003;      Magdeburg, Kreisfreie Stadt;13769;961;517;181;1334;2569;4600;12,5;11,6;12,4;10,7;23,8;10,8
2013;15081;      Altmarkkreis Salzwedel;4385;143;177;60;435;903;1580;9,9;9,2;9,3;9;24,5;9,8
2013;15082;      Anhalt-Bitterfeld, Landkreis;10394;192;335;107;899;2352;4262;12,3;11,5;11,4;11,5;11,6;11
2013;15083;      Börde, Landkreis;8385;190;363;92;738;1922;3257;9,3;8,6;8,9;8,2;18,9;8,8
2013;15084;      Burgenlandkreis;11831;238;381;152;990;2747;4156;13,2;12,2;12,1;12,3;20,2;11,5
2013;15085;      Harz, Landkreis;10495;154;280;80;754;2194;2861;9,6;8,9;9,3;8,5;14,2;7,5
2013;15086;      Jerichower Land, Landkreis;4961;94;187;39;348;1195;1920;11;10,1;10,3;9,9;16,8;8,8
2013;15087;      Mansfeld-Südharz, Landkreis;10193;186;381;125;807;2467;4472;15,3;14,1;13,7;14,6;25,2;12,6
2013;15088;      Saalekreis;10208;275;381;130;963;2260;2804;10,6;9,8;9,9;9,8;18,8;10,5
2013;15089;      Salzlandkreis;12795;251;395;96;727;2704;3794;13,2;12,2;12;12,5;19,5;7,9
2013;15090;      Stendal, Landkreis;8445;201;303;94;698;1717;3295;14,9;13,8;13,9;13,6;28,7;13,1
2013;15091;      Wittenberg, Landkreis;7546;185;337;88;611;1634;2866;12;11;11,2;10,8;24,8;10,1
2013;151;    Dessau, Stat. Region;-;-;-;-;-;-;-;-;-;-;-;-;-
2013;15101;      Dessau, Kreisfreie Stadt;-;-;-;-;-;-;-;-;-;-;-;-;-
2013;15151;      Anhalt-Zerbst, Kreis;-;-;-;-;-;-;-;-;-;-;-;-;-
2013;15153;      Bernburg, Kreis;-;-;-;-;-;-;-;-;-;-;-;-;-
2013;15154;      Bitterfeld, Kreis;-;-;-;-;-;-;-;-;-;-;-;-;-
2013;15159;      Köthen, Kreis;-;-;-;-;-;-;-;-;-;-;-;-;-
2013;15171;      Wittenberg, Kreis;-;-;-;-;-;-;-;-;-;-;-;-;-
2013;152;    Halle, Stat. Region;-;-;-;-;-;-;-;-;-;-;-;-;-
2013;15202;      Halle (Saale), Kreisfreie Stadt;-;-;-;-;-;-;-;-;-;-;-;-;-
2013;15256;      Burgenlandkreis;-;-;-;-;-;-;-;-;-;-;-;-;-
2013;15260;      Mansfelder Land, Kreis;-;-;-;-;-;-;-;-;-;-;-;-;-
2013;15261;      Merseburg-Querfurt, Kreis;-;-;-;-;-;-;-;-;-;-;-;-;-
2013;15265;      Saalkreis;-;-;-;-;-;-;-;-;-;-;-;-;-
2013;15266;      Sangerhausen, Kreis;-;-;-;-;-;-;-;-;-;-;-;-;-
2013;15268;      Weißenfels, Kreis;-;-;-;-;-;-;-;-;-;-;-;-;-
2013;153;    Magdeburg, Stat. Region;-;-;-;-;-;-;-;-;-;-;-;-;-
2013;15303;      Magdeburg, Kreisfreie Stadt;-;-;-;-;-;-;-;-;-;-;-;-;-
2013;15352;      Aschersleben-Staßfurt, Kreis;-;-;-;-;-;-;-;-;-;-;-;-;-
2013;15355;      Bördekreis;-;-;-;-;-;-;-;-;-;-;-;-;-
2013;15357;      Halberstadt, Kreis;-;-;-;-;-;-;-;-;-;-;-;-;-
2013;15358;      Jerichower Land, Kreis;-;-;-;-;-;-;-;-;-;-;-;-;-
2013;15362;      Ohrekreis;-;-;-;-;-;-;-;-;-;-;-;-;-
2013;15363;      Stendal, Kreis;-;-;-;-;-;-;-;-;-;-;-;-;-
2013;15364;      Quedlinburg, Kreis;-;-;-;-;-;-;-;-;-;-;-;-;-
2013;15367;      Schönebeck, Kreis;-;-;-;-;-;-;-;-;-;-;-;-;-
2013;15369;      Wernigerode, Kreis;-;-;-;-;-;-;-;-;-;-;-;-;-
2013;15370;      Altmarkkreis Salzwedel, Kreis;-;-;-;-;-;-;-;-;-;-;-;-;-
2013;16;  Thüringen;95858;3088;6628;1003;7184;24782;32897;9,1;8,2;8,3;8,2;16;7
2013;16051;      Erfurt, krsfr. Stadt;9136;795;638;76;620;2146;2772;9,5;8,6;9;8,2;20;6,1
2013;16052;      Gera, krsfr. Stadt;5861;198;375;52;427;1388;2216;13,2;11,9;12,1;11,6;20,3;10,2
2013;16053;      Jena, krsfr. Stadt;3771;235;148;20;269;741;1266;7,7;7;7,5;6,3;12;4,9
2013;16054;      Suhl, krsfr. Stadt;1430;49;111;23;124;402;359;8,3;7,4;7,6;7,3;13,2;7,9
2013;16055;      Weimar, krsfr. Stadt;2644;147;135;25;210;540;884;9,5;8,6;9,3;7,9;12,2;7,1
2013;16056;      Eisenach, krsfr. Stadt;2049;112;196;30;169;403;650;10,5;9,4;9,1;9,7;17,3;8,5
2013;16061;      Eichsfeld, Kreis;3469;113;325;33;280;1043;1017;6,8;6,1;5,9;6,4;21,6;4,9
2013;16062;      Nordhausen, Kreis;4638;134;287;46;362;1048;1745;11,6;10,4;10;10,9;21,1;9,2
2013;16063;      Wartburgkreis;4418;88;324;48;361;1236;1361;6,9;6,2;6;6,3;12;5,5
2013;16064;      Unstrut-Hainich-Kreis;6288;119;494;82;503;1659;2459;12,3;11,1;10,7;11,5;20,3;9,8
2013;16065;      Kyffhäuserkreis;4686;70;301;35;306;1111;1953;12,8;11,5;11;12,1;19,1;8,9
2013;16066;      Schmalkalden-Meiningen, Kreis;4434;59;317;42;316;1075;1703;7,1;6,4;6,5;6,3;9,3;5,2
2013;16067;      Gotha, Kreis;5761;212;617;63;447;1594;1984;8,7;7,8;7,4;8,2;15,3;6,9
2013;16068;      Sömmerda, Kreis;3820;47;273;52;285;1059;1341;10,7;9,6;9,5;9,8;14,5;8,3
2013;16069;      Hildburghausen, Kreis;2085;43;195;24;157;569;552;6,2;5,6;6;5,1;14,2;4,6
2013;16070;      Ilm-Kreis;4737;141;347;48;363;1128;1476;9;8,1;7,9;8,4;12;7,3
2013;16071;      Weimarer Land, Kreis;3174;73;196;40;243;870;1026;7,7;6,9;7,6;6,2;10,8;6,4
2013;16072;      Sonneberg, Kreis;1428;26;141;22;143;418;182;5;4,5;4,6;4,4;9,8;5,3
2013;16073;      Saalfeld-Rudolstadt, Kreis;4892;104;294;58;393;1386;1632;9,1;8,2;8,4;7,9;15,6;7,7
2013;16074;      Saale-Holzland-Kreis;3390;68;220;31;249;904;1143;8,1;7,3;7,9;6,6;13;6,4
2013;16075;      Saale-Orla-Kreis;3421;74;215;38;278;1050;1057;8,2;7,4;7,3;7,4;16,8;6,8
2013;16076;      Greiz, Kreis;4740;60;223;44;280;1523;1695;9,7;8,8;8,9;8,7;13,5;6,6
2013;16077;      Altenburger Land, Kreis;5584;126;259;71;399;1491;2426;12,6;11,4;10,9;11,9;22,7;9,8
_____;;;;;;;;;;;;;;;
zu 'gesamte Tabelle':;;;;;;;;;;;;;;;
Baden-Württemberg: Berichtsjahr 1995-2010 Gebietsstand;;;;;;;;;;;;;;;
"01.01.1979; ab Berichtsjahr 2011 Gebietsstand 01.01.2011";;;;;;;;;;;;;;;
;;;;;;;;;;;;;;;
Quelle: Arbeitsmarktstatistik der Bundesagentur für Arbeit;;;;;;;;;;;;;;;
(BA).;;;;;;;;;;;;;;;
Die Daten zur Arbeitslosigkeit basieren seit der Einführung;;;;;;;;;;;;;;;
des Sozialgesetzbuches II zum Jahresbeginn 2005 auf;;;;;;;;;;;;;;;
Informationen aus dem IT-Fachverfahren der BA, aus plausibel;;;;;;;;;;;;;;;
bewerteten Datenlieferungen zugelassener kommunaler Träger;;;;;;;;;;;;;;;
und - sofern keine plausiblen Daten geliefert wurden - aus;;;;;;;;;;;;;;;
ergänzenden Schätzungen der BA.;;;;;;;;;;;;;;;
Bestandsergebnisse sind nach soziodemografischen Merkmalen;;;;;;;;;;;;;;;
(Geschlecht, Altersgruppen, Nationalität) und regionalen;;;;;;;;;;;;;;;
Gebietsstrukturen (politisch bis auf Kreis-/Gemeindeebene,;;;;;;;;;;;;;;;
BA- und SGB II Gebietsstruktur) verfügbar.;;;;;;;;;;;;;;;
;;;;;;;;;;;;;;;
Weitere Informationen zur Methode, Statistikverfahren,;;;;;;;;;;;;;;;
Datenqualität können dem entsprechenden Qualitätsbericht der;;;;;;;;;;;;;;;
BA entnommen werden:;;;;;;;;;;;;;;;
http://www.pub.arbeitsagentur.de/hst/services/statistik/0002;;;;;;;;;;;;;;;
00/html/qualitaetsberichte/statistik-arbeitslose-arbeitsuche;;;;;;;;;;;;;;;
nde.pdf;;;;;;;;;;;;;;;
;;;;;;;;;;;;;;;
zu Spalte 'Arbeitslosenquote (bez. auf Erwerbspersonen)';;;;;;;;;;;;;;;
Niedersachsen (2001): Ergebnisse für die Region Hannover;;;;;;;;;;;;;;;
errechnet aus dem ehemaligen Landkreis Hannover und der;;;;;;;;;;;;;;;
Landeshauptstadt Hannover. (Rundungsdifferenzen sind;;;;;;;;;;;;;;;
möglich.);;;;;;;;;;;;;;;
;;;;;;;;;;;;;;;
zu Spalte 'Arbeitslosenquote (bez. auf abhängige;;;;;;;;;;;;;;;
Erwerbspersonen)';;;;;;;;;;;;;;;
Niedersachsen (2001): Ergebnisse für die Region Hannover;;;;;;;;;;;;;;;
errechnet aus dem ehemaligen Landkreis Hannover und der;;;;;;;;;;;;;;;
Landeshauptstadt Hannover. (Rundungsdifferenzen sind;;;;;;;;;;;;;;;
möglich.);;;;;;;;;;;;;;;
_____;;;;;;;;;;;;;;;
(C)opyright Dieses Angebot der Statistischen Ämter des Bundes und der;;;;;;;;;;;;;;;
Länder ist lizensiert unter der Datenlizenz Deutschland -;;;;;;;;;;;;;;;
Namensnennung - Version 2.0. Düsseldorf, 2015.;;;;;;;;;;;;;;;
Stand: 13.10.2015 / 18:22:22;;;;;;;;;;;;;;;